INSERT INTO USER (ID, USERNAME, PASSWORD, FIRSTNAME, LASTNAME, EMAIL, ENABLED, LASTPASSWORDRESETDATE) VALUES (1, 'admin', '$2a$08$lDnHPz7eUkSi6ao14Twuau08mzhWrL4kyZGGU5xfiGALO/Vxd5DOi', 'admin', 'admin', 'admin@admin.com', 1, PARSEDATETIME('01-01-2016', 'dd-MM-yyyy'));
INSERT INTO USER (ID, USERNAME, PASSWORD, FIRSTNAME, LASTNAME, EMAIL, ENABLED, LASTPASSWORDRESETDATE) VALUES (2, 'user', '$2a$08$UkVvwpULis18S19S5pZFn.YHPZt3oaqHZnDwqbCW9pft6uFtkXKDC', 'user', 'user', 'enabled@user.com', 1, PARSEDATETIME('01-01-2016','dd-MM-yyyy'));
INSERT INTO USER (ID, USERNAME, PASSWORD, FIRSTNAME, LASTNAME, EMAIL, ENABLED, LASTPASSWORDRESETDATE) VALUES (3, 'disabled', '$2a$08$UkVvwpULis18S19S5pZFn.YHPZt3oaqHZnDwqbCW9pft6uFtkXKDC', 'user', 'user', 'disabled@user.com', 0, PARSEDATETIME('01-01-2016','dd-MM-yyyy'));

INSERT INTO AUTHORITY (ID, NAME) VALUES (1, 'ROLE_USER');
INSERT INTO AUTHORITY (ID, NAME) VALUES (2, 'ROLE_ADMIN');

INSERT INTO USER_AUTHORITY (USER_ID, AUTHORITY_ID) VALUES (1, 1);
INSERT INTO USER_AUTHORITY (USER_ID, AUTHORITY_ID) VALUES (1, 2);
INSERT INTO USER_AUTHORITY (USER_ID, AUTHORITY_ID) VALUES (2, 1);
INSERT INTO USER_AUTHORITY (USER_ID, AUTHORITY_ID) VALUES (3, 1);

INSERT INTO COMPANY (id,company_name) VALUES (1,'BPCS Services');
INSERT INTO COMPANY (id,company_name) VALUES (2,'Florida Road Biking');

INSERT INTO DEPARTMENT (id,dept_code,dept_name,company_id) VALUES (1,'MIS','IT Services',1);
INSERT INTO DEPARTMENT (id,dept_code,dept_name,company_id) VALUES (2,'ACCT','Accounting',1);
INSERT INTO DEPARTMENT (id,dept_code,dept_name,company_id) VALUES (3,'HR','Human Resources',1);
INSERT INTO DEPARTMENT (id,dept_code,dept_name,company_id) VALUES (4,'OPS','Operations',1);
INSERT INTO DEPARTMENT (id,dept_code,dept_name,company_id) VALUES (5,'PROD','Product',1);



INSERT INTO EMPLOYEE (id,first_name,last_name,active,start_date,title,department_id) VALUES ( 1, 'Karen', 'Thomas', true, '2012-05-30', 'Business Analyst', 5 );
INSERT INTO EMPLOYEE (id,first_name,last_name,active,start_date,title,department_id) VALUES ( 2, 'Tina', 'Henderson', true, '2005-02-08', 'Accounts Receivable', 2 );
INSERT INTO EMPLOYEE (id,first_name,last_name,active,start_date,title,department_id) VALUES ( 3, 'Jeremy', 'Barris', true, '2013-08-12', 'Accounts Receivable', 2 );
INSERT INTO EMPLOYEE (id,first_name,last_name,active,start_date,title,department_id) VALUES ( 4, 'Steven', 'Thomas', true, '2011-03-20', 'Benefits Coordinator', 3 );
INSERT INTO EMPLOYEE (id,first_name,last_name,active,start_date,title,department_id) VALUES ( 5, 'Liam', 'Richards', false, '1999-08-09', 'Benefits Coordinator', 3 );
INSERT INTO EMPLOYEE (id,first_name,last_name,active,start_date,title,department_id) VALUES ( 6, 'Liam', 'Smith', false, '2006-11-30', 'Customer Service Rep', 4 );
INSERT INTO EMPLOYEE (id,first_name,last_name,active,start_date,title,department_id) VALUES ( 7, 'Rob', 'Gold', true, '2011-06-10', 'Customer Service Rep', 4 );
INSERT INTO EMPLOYEE (id,first_name,last_name,active,start_date,title,department_id) VALUES ( 8, 'Tina', 'Silva', true, '2003-06-01', 'Customer Service Rep', 4 );
INSERT INTO EMPLOYEE (id,first_name,last_name,active,start_date,title,department_id) VALUES ( 9, 'Chris', 'Pfeiffer', true, '2012-12-25', 'Software Developer', 1 );
INSERT INTO EMPLOYEE (id,first_name,last_name,active,start_date,title,department_id) VALUES ( 10, 'Tom', 'Broderick', true, '2006-07-12', 'Software Developer', 1 );
INSERT INTO EMPLOYEE (id,first_name,last_name,active,start_date,title,department_id) VALUES ( 11, 'Liam', 'Weir', true, '2008-02-01', 'Accounts Receivable', 2 );
INSERT INTO EMPLOYEE (id,first_name,last_name,active,start_date,title,department_id) VALUES ( 12, 'Larry', 'Broderick', true, '2005-10-25', 'Benefits Coordinator', 3 );
INSERT INTO EMPLOYEE (id,first_name,last_name,active,start_date,title,department_id) VALUES ( 13, 'Adrianne', 'Grossman', true, '2015-10-05', 'Customer Service Rep', 4 );
INSERT INTO EMPLOYEE (id,first_name,last_name,active,start_date,title,department_id) VALUES ( 14, 'Bill', 'Henderson', true, '2003-01-17', 'Accounts Receivable', 2 );
INSERT INTO EMPLOYEE (id,first_name,last_name,active,start_date,title,department_id) VALUES ( 15, 'Jeremy', 'Grossman', true, '2014-08-06', 'Customer Service Rep', 4 );
INSERT INTO EMPLOYEE (id,first_name,last_name,active,start_date,title,department_id) VALUES ( 16, 'Christine', 'Johnson', true, '2010-12-18', 'Customer Service Rep', 4 );
INSERT INTO EMPLOYEE (id,first_name,last_name,active,start_date,title,department_id) VALUES ( 17, 'Brian', 'Alchin', true, '2009-10-09', 'Software Developer', 1 );
INSERT INTO EMPLOYEE (id,first_name,last_name,active,start_date,title,department_id) VALUES ( 18, 'Jeremy', 'Broderick', true, '2003-04-13', 'Accounts Receivable', 2 );
INSERT INTO EMPLOYEE (id,first_name,last_name,active,start_date,title,department_id) VALUES ( 19, 'Tom', 'Smith', true, '2002-07-09', 'Benefits Coordinator', 3 );
INSERT INTO EMPLOYEE (id,first_name,last_name,active,start_date,title,department_id) VALUES ( 20, 'John', 'Silva', true, '2006-01-04', 'Accounts Receivable', 2 );
INSERT INTO EMPLOYEE (id,first_name,last_name,active,start_date,title,department_id) VALUES ( 21, 'Jill', 'Smith', true, '2001-11-09', 'Accounts Receivable', 2 );
INSERT INTO EMPLOYEE (id,first_name,last_name,active,start_date,title,department_id) VALUES ( 22, 'Chris', 'Broderick', true, '2008-03-16', 'Software Developer', 1 );
INSERT INTO EMPLOYEE (id,first_name,last_name,active,start_date,title,department_id) VALUES ( 23, 'Tom', 'Laware', true, '2010-09-20', 'Customer Service Rep', 4 );
INSERT INTO EMPLOYEE (id,first_name,last_name,active,start_date,title,department_id) VALUES ( 24, 'Liam', 'Heller', true, '2001-04-02', 'Business Analyst', 5 );
INSERT INTO EMPLOYEE (id,first_name,last_name,active,start_date,title,department_id) VALUES ( 25, 'Deanna', 'Naylor', true, '2014-05-09', 'Customer Service Rep', 4 );
INSERT INTO EMPLOYEE (id,first_name,last_name,active,start_date,title,department_id) VALUES ( 26, 'Adrianne', 'Naylor', true, '2000-04-13', 'Customer Service Rep', 4 );
INSERT INTO EMPLOYEE (id,first_name,last_name,active,start_date,title,department_id) VALUES ( 27, 'Mary', 'Henderson', true, '2000-12-17', 'Accounts Receivable', 2 );
INSERT INTO EMPLOYEE (id,first_name,last_name,active,start_date,title,department_id) VALUES ( 28, 'Brian', 'Naylor', true, '2005-08-14', 'Customer Service Rep', 4 );
INSERT INTO EMPLOYEE (id,first_name,last_name,active,start_date,title,department_id) VALUES ( 29, 'Tina', 'Alchin', true, '1998-04-06', 'Accounts Receivable', 2 );
INSERT INTO EMPLOYEE (id,first_name,last_name,active,start_date,title,department_id) VALUES ( 30, 'Rob', 'Henderson', true, '1997-01-19', 'Benefits Coordinator', 3 );
INSERT INTO EMPLOYEE (id,first_name,last_name,active,start_date,title,department_id) VALUES ( 31, 'Lynn', 'McKenzie', true, '2009-05-09', 'Business Analyst', 5 );
INSERT INTO EMPLOYEE (id,first_name,last_name,active,start_date,title,department_id) VALUES ( 32, 'Mary', 'Henderson', false, '2012-01-09', 'Customer Service Rep', 4 );
INSERT INTO EMPLOYEE (id,first_name,last_name,active,start_date,title,department_id) VALUES ( 33, 'Karen', 'Silva', false, '2011-11-19', 'Customer Service Rep', 4 );
INSERT INTO EMPLOYEE (id,first_name,last_name,active,start_date,title,department_id) VALUES ( 34, 'Lynn', 'Silva', false, '2009-07-31', 'Benefits Coordinator', 3 );
INSERT INTO EMPLOYEE (id,first_name,last_name,active,start_date,title,department_id) VALUES ( 35, 'Rob', 'Henderson', false, '1998-02-28', 'Benefits Coordinator', 3 );
INSERT INTO EMPLOYEE (id,first_name,last_name,active,start_date,title,department_id) VALUES ( 36, 'Chris', 'Pfeiffer', true, '2007-11-10', 'Benefits Coordinator', 3 );
INSERT INTO EMPLOYEE (id,first_name,last_name,active,start_date,title,department_id) VALUES ( 37, 'Rob', 'Smith', true, '2014-12-19', 'Accounts Receivable', 2 );
INSERT INTO EMPLOYEE (id,first_name,last_name,active,start_date,title,department_id) VALUES ( 38, 'Adrianne', 'Silva', true, '1998-08-22', 'Benefits Coordinator', 3 );
INSERT INTO EMPLOYEE (id,first_name,last_name,active,start_date,title,department_id) VALUES ( 39, 'Adrianne', 'Laware', true, '2009-08-19', 'Customer Service Rep', 4 );
INSERT INTO EMPLOYEE (id,first_name,last_name,active,start_date,title,department_id) VALUES ( 40, 'Christine', 'Smith', true, '1999-02-18', 'Business Analyst', 5 );
INSERT INTO EMPLOYEE (id,first_name,last_name,active,start_date,title,department_id) VALUES ( 41, 'Christine', 'Henderson', false, '2014-08-28', 'Accounts Receivable', 2 );
INSERT INTO EMPLOYEE (id,first_name,last_name,active,start_date,title,department_id) VALUES ( 42, 'John', 'Broderick', true, '2006-09-21', 'Customer Service Rep', 4 );
INSERT INTO EMPLOYEE (id,first_name,last_name,active,start_date,title,department_id) VALUES ( 43, 'Tom', 'McKenzie', true, '2011-09-30', 'Business Analyst', 5 );
INSERT INTO EMPLOYEE (id,first_name,last_name,active,start_date,title,department_id) VALUES ( 44, 'Christine', 'Pfeiffer', true, '2005-12-12', 'Business Analyst', 5 );
INSERT INTO EMPLOYEE (id,first_name,last_name,active,start_date,title,department_id) VALUES ( 45, 'Mary', 'Henderson', true, '1997-11-10', 'Accounts Receivable', 2 );
INSERT INTO EMPLOYEE (id,first_name,last_name,active,start_date,title,department_id) VALUES ( 46, 'Liam', 'Grossman', true, '2006-03-30', 'Accounts Receivable', 2 );
INSERT INTO EMPLOYEE (id,first_name,last_name,active,start_date,title,department_id) VALUES ( 47, 'Tom', 'Barris', false, '2000-01-30', 'Customer Service Rep', 4 );
INSERT INTO EMPLOYEE (id,first_name,last_name,active,start_date,title,department_id) VALUES ( 48, 'Christine', 'Grossman', false, '2005-05-14', 'Benefits Coordinator', 3 );
INSERT INTO EMPLOYEE (id,first_name,last_name,active,start_date,title,department_id) VALUES ( 49, 'Rob', 'Heller', true, '2013-09-24', 'Customer Service Rep', 4 );
INSERT INTO EMPLOYEE (id,first_name,last_name,active,start_date,title,department_id) VALUES ( 50, 'Christine', 'Heller', false, '2013-08-03', 'Accounts Receivable', 2 );
INSERT INTO EMPLOYEE (id,first_name,last_name,active,start_date,title,department_id) VALUES ( 51, 'John', 'Broderick', true, '2004-03-18', 'Accounts Receivable', 2 );
INSERT INTO EMPLOYEE (id,first_name,last_name,active,start_date,title,department_id) VALUES ( 52, 'Tina', 'McKenzie', true, '2002-10-25', 'Software Developer', 1 );
INSERT INTO EMPLOYEE (id,first_name,last_name,active,start_date,title,department_id) VALUES ( 53, 'Larry', 'Johnson', false, '2008-05-28', 'Business Analyst', 5 );
INSERT INTO EMPLOYEE (id,first_name,last_name,active,start_date,title,department_id) VALUES ( 54, 'Steven', 'Henderson', true, '2006-10-25', 'Business Analyst', 5 );
INSERT INTO EMPLOYEE (id,first_name,last_name,active,start_date,title,department_id) VALUES ( 55, 'Christine', 'McKenzie', true, '2006-05-13', 'Software Developer', 1 );
INSERT INTO EMPLOYEE (id,first_name,last_name,active,start_date,title,department_id) VALUES ( 56, 'Mary', 'Kent', true, '2011-08-21', 'Software Developer', 1 );
INSERT INTO EMPLOYEE (id,first_name,last_name,active,start_date,title,department_id) VALUES ( 57, 'Bill', 'Broderick', true, '2011-04-04', 'Software Developer', 1 );
INSERT INTO EMPLOYEE (id,first_name,last_name,active,start_date,title,department_id) VALUES ( 58, 'Karen', 'Johnson', true, '2012-03-01', 'Accounts Receivable', 2 );
INSERT INTO EMPLOYEE (id,first_name,last_name,active,start_date,title,department_id) VALUES ( 59, 'Ken', 'Naylor', true, '2003-02-20', 'Business Analyst', 5 );
INSERT INTO EMPLOYEE (id,first_name,last_name,active,start_date,title,department_id) VALUES ( 60, 'Jill', 'Heller', false, '2006-05-24', 'Software Developer', 1 );
INSERT INTO EMPLOYEE (id,first_name,last_name,active,start_date,title,department_id) VALUES ( 61, 'Jill', 'McKenzie', true, '2007-03-16', 'Software Developer', 1 );
INSERT INTO EMPLOYEE (id,first_name,last_name,active,start_date,title,department_id) VALUES ( 62, 'Adrianne', 'Smith', false, '2010-09-18', 'Customer Service Rep', 4 );
INSERT INTO EMPLOYEE (id,first_name,last_name,active,start_date,title,department_id) VALUES ( 63, 'Jack', 'Smith', true, '2010-08-16', 'Business Analyst', 5 );
INSERT INTO EMPLOYEE (id,first_name,last_name,active,start_date,title,department_id) VALUES ( 64, 'Larry', 'Silva', true, '2013-01-06', 'Accounts Receivable', 2 );
INSERT INTO EMPLOYEE (id,first_name,last_name,active,start_date,title,department_id) VALUES ( 65, 'Chris', 'Naylor', true, '2014-12-05', 'Customer Service Rep', 4 );
INSERT INTO EMPLOYEE (id,first_name,last_name,active,start_date,title,department_id) VALUES ( 66, 'Chris', 'Barris', true, '2007-10-20', 'Benefits Coordinator', 3 );
INSERT INTO EMPLOYEE (id,first_name,last_name,active,start_date,title,department_id) VALUES ( 67, 'Karen', 'Alchin', false, '1999-03-16', 'Business Analyst', 5 );
INSERT INTO EMPLOYEE (id,first_name,last_name,active,start_date,title,department_id) VALUES ( 68, 'Ken', 'McKenzie', true, '2015-12-24', 'Software Developer', 1 );
INSERT INTO EMPLOYEE (id,first_name,last_name,active,start_date,title,department_id) VALUES ( 69, 'Steven', 'Thomas', false, '1999-12-21', 'Business Analyst', 5 );
INSERT INTO EMPLOYEE (id,first_name,last_name,active,start_date,title,department_id) VALUES ( 70, 'Brian', 'Barris', false, '2008-02-05', 'Accounts Receivable', 2 );
INSERT INTO EMPLOYEE (id,first_name,last_name,active,start_date,title,department_id) VALUES ( 71, 'Karen', 'Johnson', true, '2003-10-19', 'Benefits Coordinator', 3 );
INSERT INTO EMPLOYEE (id,first_name,last_name,active,start_date,title,department_id) VALUES ( 72, 'Liam', 'Thomas', true, '2002-01-19', 'Benefits Coordinator', 3 );
INSERT INTO EMPLOYEE (id,first_name,last_name,active,start_date,title,department_id) VALUES ( 73, 'Karen', 'Weir', false, '2002-02-03', 'Customer Service Rep', 4 );
INSERT INTO EMPLOYEE (id,first_name,last_name,active,start_date,title,department_id) VALUES ( 74, 'John', 'Weir', true, '2008-05-24', 'Accounts Receivable', 2 );
INSERT INTO EMPLOYEE (id,first_name,last_name,active,start_date,title,department_id) VALUES ( 75, 'Deanna', 'Naylor', true, '2011-06-19', 'Software Developer', 1 );
INSERT INTO EMPLOYEE (id,first_name,last_name,active,start_date,title,department_id) VALUES ( 76, 'Mary', 'Barris', false, '2013-03-21', 'Software Developer', 1 );
INSERT INTO EMPLOYEE (id,first_name,last_name,active,start_date,title,department_id) VALUES ( 77, 'Lynn', 'Weir', false, '2002-05-20', 'Business Analyst', 5 );
INSERT INTO EMPLOYEE (id,first_name,last_name,active,start_date,title,department_id) VALUES ( 78, 'Lynn', 'Henderson', true, '2000-07-16', 'Business Analyst', 5 );
INSERT INTO EMPLOYEE (id,first_name,last_name,active,start_date,title,department_id) VALUES ( 79, 'Adrianne', 'Weir', true, '1998-06-22', 'Accounts Receivable', 2 );
INSERT INTO EMPLOYEE (id,first_name,last_name,active,start_date,title,department_id) VALUES ( 80, 'Tom', 'Pfeiffer', true, '2005-12-25', 'Customer Service Rep', 4 );
INSERT INTO EMPLOYEE (id,first_name,last_name,active,start_date,title,department_id) VALUES ( 81, 'Karen', 'Alchin', true, '2006-12-20', 'Software Developer', 1 );
INSERT INTO EMPLOYEE (id,first_name,last_name,active,start_date,title,department_id) VALUES ( 82, 'Mary', 'Thomas', false, '2001-01-20', 'Benefits Coordinator', 3 );
INSERT INTO EMPLOYEE (id,first_name,last_name,active,start_date,title,department_id) VALUES ( 83, 'Christine', 'Richards', false, '2001-05-23', 'Business Analyst', 5 );
INSERT INTO EMPLOYEE (id,first_name,last_name,active,start_date,title,department_id) VALUES ( 84, 'Brian', 'Kent', true, '2015-02-02', 'Business Analyst', 5 );
INSERT INTO EMPLOYEE (id,first_name,last_name,active,start_date,title,department_id) VALUES ( 85, 'Brian', 'Barris', true, '2005-05-03', 'Software Developer', 1 );
INSERT INTO EMPLOYEE (id,first_name,last_name,active,start_date,title,department_id) VALUES ( 86, 'Deanna', 'Smith', false, '2003-05-12', 'Customer Service Rep', 4 );
INSERT INTO EMPLOYEE (id,first_name,last_name,active,start_date,title,department_id) VALUES ( 87, 'Bill', 'Thomas', false, '1999-09-25', 'Accounts Receivable', 2 );
INSERT INTO EMPLOYEE (id,first_name,last_name,active,start_date,title,department_id) VALUES ( 88, 'Tina', 'Pfeiffer', true, '1997-03-30', 'Business Analyst', 5 );
INSERT INTO EMPLOYEE (id,first_name,last_name,active,start_date,title,department_id) VALUES ( 89, 'Karen', 'Broderick', true, '1999-07-25', 'Software Developer', 1 );
INSERT INTO EMPLOYEE (id,first_name,last_name,active,start_date,title,department_id) VALUES ( 90, 'John', 'Gold', false, '2000-09-15', 'Accounts Receivable', 2 );
INSERT INTO EMPLOYEE (id,first_name,last_name,active,start_date,title,department_id) VALUES ( 91, 'Adrianne', 'McKenzie', true, '1998-03-11', 'Benefits Coordinator', 3 );
INSERT INTO EMPLOYEE (id,first_name,last_name,active,start_date,title,department_id) VALUES ( 92, 'Tom', 'Weir', true, '2006-07-29', 'Customer Service Rep', 4 );
INSERT INTO EMPLOYEE (id,first_name,last_name,active,start_date,title,department_id) VALUES ( 93, 'Tina', 'Kent', true, '2003-02-01', 'Software Developer', 1 );
INSERT INTO EMPLOYEE (id,first_name,last_name,active,start_date,title,department_id) VALUES ( 94, 'Bill', 'Gold', false, '2015-02-22', 'Software Developer', 1 );
INSERT INTO EMPLOYEE (id,first_name,last_name,active,start_date,title,department_id) VALUES ( 95, 'Mary', 'Silva', true, '2005-07-27', 'Customer Service Rep', 4 );
INSERT INTO EMPLOYEE (id,first_name,last_name,active,start_date,title,department_id) VALUES ( 96, 'Lynn', 'Thomas', true, '2011-10-18', 'Accounts Receivable', 2 );
INSERT INTO EMPLOYEE (id,first_name,last_name,active,start_date,title,department_id) VALUES ( 97, 'Ken', 'Richards', true, '2011-09-04', 'Benefits Coordinator', 3 );
INSERT INTO EMPLOYEE (id,first_name,last_name,active,start_date,title,department_id) VALUES ( 98, 'Ken', 'Weir', true, '2015-03-06', 'Software Developer', 1 );
INSERT INTO EMPLOYEE (id,first_name,last_name,active,start_date,title,department_id) VALUES ( 99, 'Tom', 'Richards', true, '2006-11-19', 'Customer Service Rep', 4 );
INSERT INTO EMPLOYEE (id,first_name,last_name,active,start_date,title,department_id) VALUES ( 100, 'John', 'Weir', true, '2012-04-29', 'Benefits Coordinator', 3 );
INSERT INTO EMPLOYEE (id,first_name,last_name,active,start_date,title,department_id) VALUES ( 101, 'Rob', 'Laware', false, '2003-10-20', 'Customer Service Rep', 4 );
INSERT INTO EMPLOYEE (id,first_name,last_name,active,start_date,title,department_id) VALUES ( 102, 'Ken', 'Silva', false, '2014-12-22', 'Business Analyst', 5 );
INSERT INTO EMPLOYEE (id,first_name,last_name,active,start_date,title,department_id) VALUES ( 103, 'Ken', 'Silva', true, '2012-04-11', 'Business Analyst', 5 );
INSERT INTO EMPLOYEE (id,first_name,last_name,active,start_date,title,department_id) VALUES ( 104, 'Ken', 'Broderick', true, '2010-10-29', 'Software Developer', 1 );
INSERT INTO EMPLOYEE (id,first_name,last_name,active,start_date,title,department_id) VALUES ( 105, 'Rob', 'Heller', true, '2007-08-05', 'Software Developer', 1 );
INSERT INTO EMPLOYEE (id,first_name,last_name,active,start_date,title,department_id) VALUES ( 106, 'Tom', 'Alchin', false, '2012-03-15', 'Business Analyst', 5 );
INSERT INTO EMPLOYEE (id,first_name,last_name,active,start_date,title,department_id) VALUES ( 107, 'Deanna', 'Thomas', true, '2008-09-01', 'Benefits Coordinator', 3 );
INSERT INTO EMPLOYEE (id,first_name,last_name,active,start_date,title,department_id) VALUES ( 108, 'Adrianne', 'Kent', true, '1997-12-15', 'Software Developer', 1 );
INSERT INTO EMPLOYEE (id,first_name,last_name,active,start_date,title,department_id) VALUES ( 109, 'Jack', 'Kent', true, '2000-12-30', 'Benefits Coordinator', 3 );
INSERT INTO EMPLOYEE (id,first_name,last_name,active,start_date,title,department_id) VALUES ( 110, 'Brian', 'Henderson', false, '2002-11-22', 'Accounts Receivable', 2 );
INSERT INTO EMPLOYEE (id,first_name,last_name,active,start_date,title,department_id) VALUES ( 111, 'Deanna', 'Naylor', true, '2014-05-16', 'Software Developer', 1 );
INSERT INTO EMPLOYEE (id,first_name,last_name,active,start_date,title,department_id) VALUES ( 112, 'John', 'Broderick', false, '2013-04-01', 'Accounts Receivable', 2 );
INSERT INTO EMPLOYEE (id,first_name,last_name,active,start_date,title,department_id) VALUES ( 113, 'Chris', 'Naylor', true, '2004-11-28', 'Software Developer', 1 );
INSERT INTO EMPLOYEE (id,first_name,last_name,active,start_date,title,department_id) VALUES ( 114, 'Karen', 'Smith', false, '2000-12-05', 'Customer Service Rep', 4 );
INSERT INTO EMPLOYEE (id,first_name,last_name,active,start_date,title,department_id) VALUES ( 115, 'Tina', 'Kent', true, '2010-01-09', 'Benefits Coordinator', 3 );
INSERT INTO EMPLOYEE (id,first_name,last_name,active,start_date,title,department_id) VALUES ( 116, 'Ken', 'Kent', true, '2014-05-30', 'Customer Service Rep', 4 );
INSERT INTO EMPLOYEE (id,first_name,last_name,active,start_date,title,department_id) VALUES ( 117, 'Mary', 'Weir', true, '2001-05-10', 'Benefits Coordinator', 3 );
INSERT INTO EMPLOYEE (id,first_name,last_name,active,start_date,title,department_id) VALUES ( 118, 'Mary', 'Smith', true, '2007-01-12', 'Software Developer', 1 );
INSERT INTO EMPLOYEE (id,first_name,last_name,active,start_date,title,department_id) VALUES ( 119, 'Mary', 'Johnson', false, '2007-07-21', 'Software Developer', 1 );
INSERT INTO EMPLOYEE (id,first_name,last_name,active,start_date,title,department_id) VALUES ( 120, 'Larry', 'Johnson', false, '2012-07-13', 'Benefits Coordinator', 3 );
INSERT INTO EMPLOYEE (id,first_name,last_name,active,start_date,title,department_id) VALUES ( 121, 'Tom', 'Gold', true, '2009-12-24', 'Software Developer', 1 );
INSERT INTO EMPLOYEE (id,first_name,last_name,active,start_date,title,department_id) VALUES ( 122, 'John', 'Henderson', true, '1998-05-04', 'Software Developer', 1 );
INSERT INTO EMPLOYEE (id,first_name,last_name,active,start_date,title,department_id) VALUES ( 123, 'Karen', 'Smith', true, '1998-02-13', 'Business Analyst', 5 );
INSERT INTO EMPLOYEE (id,first_name,last_name,active,start_date,title,department_id) VALUES ( 124, 'Tom', 'Weir', false, '2013-11-22', 'Software Developer', 1 );
INSERT INTO EMPLOYEE (id,first_name,last_name,active,start_date,title,department_id) VALUES ( 125, 'Lynn', 'McKenzie', true, '2007-06-17', 'Business Analyst', 5 );
INSERT INTO EMPLOYEE (id,first_name,last_name,active,start_date,title,department_id) VALUES ( 126, 'Bill', 'Pfeiffer', false, '2007-12-20', 'Business Analyst', 5 );
INSERT INTO EMPLOYEE (id,first_name,last_name,active,start_date,title,department_id) VALUES ( 127, 'Deanna', 'Kent', true, '2007-02-26', 'Software Developer', 1 );
INSERT INTO EMPLOYEE (id,first_name,last_name,active,start_date,title,department_id) VALUES ( 128, 'Lynn', 'Henderson', true, '2010-05-28', 'Software Developer', 1 );
INSERT INTO EMPLOYEE (id,first_name,last_name,active,start_date,title,department_id) VALUES ( 129, 'Bill', 'Smith', true, '1997-07-20', 'Software Developer', 1 );
INSERT INTO EMPLOYEE (id,first_name,last_name,active,start_date,title,department_id) VALUES ( 130, 'Jack', 'Johnson', true, '2001-02-26', 'Business Analyst', 5 );
INSERT INTO EMPLOYEE (id,first_name,last_name,active,start_date,title,department_id) VALUES ( 131, 'Rob', 'Johnson', true, '2010-12-23', 'Software Developer', 1 );
INSERT INTO EMPLOYEE (id,first_name,last_name,active,start_date,title,department_id) VALUES ( 132, 'Steven', 'Heller', false, '2006-11-30', 'Benefits Coordinator', 3 );
INSERT INTO EMPLOYEE (id,first_name,last_name,active,start_date,title,department_id) VALUES ( 133, 'John', 'Alchin', true, '1999-12-01', 'Business Analyst', 5 );
INSERT INTO EMPLOYEE (id,first_name,last_name,active,start_date,title,department_id) VALUES ( 134, 'Adrianne', 'Alchin', true, '2013-10-25', 'Accounts Receivable', 2 );
INSERT INTO EMPLOYEE (id,first_name,last_name,active,start_date,title,department_id) VALUES ( 135, 'Mary', 'Gold', true, '2003-08-20', 'Benefits Coordinator', 3 );
INSERT INTO EMPLOYEE (id,first_name,last_name,active,start_date,title,department_id) VALUES ( 136, 'Lynn', 'Richards', true, '2003-11-02', 'Customer Service Rep', 4 );
INSERT INTO EMPLOYEE (id,first_name,last_name,active,start_date,title,department_id) VALUES ( 137, 'Adrianne', 'Thomas', true, '2013-12-26', 'Customer Service Rep', 4 );
INSERT INTO EMPLOYEE (id,first_name,last_name,active,start_date,title,department_id) VALUES ( 138, 'Brian', 'Johnson', true, '2001-09-14', 'Business Analyst', 5 );
INSERT INTO EMPLOYEE (id,first_name,last_name,active,start_date,title,department_id) VALUES ( 139, 'Jill', 'Pfeiffer', false, '2013-11-23', 'Accounts Receivable', 2 );
INSERT INTO EMPLOYEE (id,first_name,last_name,active,start_date,title,department_id) VALUES ( 140, 'John', 'Naylor', true, '2013-11-22', 'Benefits Coordinator', 3 );
INSERT INTO EMPLOYEE (id,first_name,last_name,active,start_date,title,department_id) VALUES ( 141, 'Adrianne', 'McKenzie', true, '2009-05-16', 'Benefits Coordinator', 3 );
INSERT INTO EMPLOYEE (id,first_name,last_name,active,start_date,title,department_id) VALUES ( 142, 'Chris', 'Laware', true, '1997-06-17', 'Software Developer', 1 );
INSERT INTO EMPLOYEE (id,first_name,last_name,active,start_date,title,department_id) VALUES ( 143, 'Brian', 'Broderick', false, '2003-08-01', 'Software Developer', 1 );
INSERT INTO EMPLOYEE (id,first_name,last_name,active,start_date,title,department_id) VALUES ( 144, 'Christine', 'Richards', true, '2012-11-21', 'Customer Service Rep', 4 );
INSERT INTO EMPLOYEE (id,first_name,last_name,active,start_date,title,department_id) VALUES ( 145, 'Tom', 'Johnson', true, '2011-09-13', 'Accounts Receivable', 2 );
INSERT INTO EMPLOYEE (id,first_name,last_name,active,start_date,title,department_id) VALUES ( 146, 'Liam', 'Gold', true, '2009-03-18', 'Accounts Receivable', 2 );
INSERT INTO EMPLOYEE (id,first_name,last_name,active,start_date,title,department_id) VALUES ( 147, 'Liam', 'Smith', false, '2014-08-26', 'Software Developer', 1 );
INSERT INTO EMPLOYEE (id,first_name,last_name,active,start_date,title,department_id) VALUES ( 148, 'Christine', 'Gold', true, '2004-11-05', 'Software Developer', 1 );
INSERT INTO EMPLOYEE (id,first_name,last_name,active,start_date,title,department_id) VALUES ( 149, 'Tom', 'Heller', true, '2005-11-24', 'Business Analyst', 5 );
INSERT INTO EMPLOYEE (id,first_name,last_name,active,start_date,title,department_id) VALUES ( 150, 'John', 'Kent', true, '2002-07-23', 'Business Analyst', 5 );
INSERT INTO EMPLOYEE (id,first_name,last_name,active,start_date,title,department_id) VALUES ( 151, 'Ken', 'Johnson', true, '2008-09-23', 'Accounts Receivable', 2 );
INSERT INTO EMPLOYEE (id,first_name,last_name,active,start_date,title,department_id) VALUES ( 152, 'Ken', 'Naylor', false, '2004-11-18', 'Customer Service Rep', 4 );
INSERT INTO EMPLOYEE (id,first_name,last_name,active,start_date,title,department_id) VALUES ( 153, 'Brian', 'Weir', true, '2011-03-06', 'Accounts Receivable', 2 );
INSERT INTO EMPLOYEE (id,first_name,last_name,active,start_date,title,department_id) VALUES ( 154, 'Larry', 'Heller', true, '1999-01-31', 'Business Analyst', 5 );
INSERT INTO EMPLOYEE (id,first_name,last_name,active,start_date,title,department_id) VALUES ( 155, 'Deanna', 'Broderick', true, '2008-12-21', 'Software Developer', 1 );
INSERT INTO EMPLOYEE (id,first_name,last_name,active,start_date,title,department_id) VALUES ( 156, 'Tom', 'Silva', true, '2012-08-31', 'Business Analyst', 5 );
INSERT INTO EMPLOYEE (id,first_name,last_name,active,start_date,title,department_id) VALUES ( 157, 'Christine', 'Naylor', false, '2014-05-04', 'Business Analyst', 5 );
INSERT INTO EMPLOYEE (id,first_name,last_name,active,start_date,title,department_id) VALUES ( 158, 'Chris', 'Thomas', false, '1999-09-20', 'Accounts Receivable', 2 );
INSERT INTO EMPLOYEE (id,first_name,last_name,active,start_date,title,department_id) VALUES ( 159, 'Jack', 'Richards', true, '2011-07-04', 'Benefits Coordinator', 3 );
INSERT INTO EMPLOYEE (id,first_name,last_name,active,start_date,title,department_id) VALUES ( 160, 'Christine', 'Broderick', true, '2008-05-20', 'Benefits Coordinator', 3 );
INSERT INTO EMPLOYEE (id,first_name,last_name,active,start_date,title,department_id) VALUES ( 161, 'Tom', 'Henderson', true, '2002-03-02', 'Software Developer', 1 );
INSERT INTO EMPLOYEE (id,first_name,last_name,active,start_date,title,department_id) VALUES ( 162, 'Christine', 'Broderick', true, '2014-08-18', 'Business Analyst', 5 );
INSERT INTO EMPLOYEE (id,first_name,last_name,active,start_date,title,department_id) VALUES ( 163, 'Rob', 'Alchin', false, '2000-10-11', 'Business Analyst', 5 );
INSERT INTO EMPLOYEE (id,first_name,last_name,active,start_date,title,department_id) VALUES ( 164, 'Ken', 'McKenzie', true, '2007-06-20', 'Benefits Coordinator', 3 );
INSERT INTO EMPLOYEE (id,first_name,last_name,active,start_date,title,department_id) VALUES ( 165, 'Brian', 'Smith', false, '2002-12-16', 'Customer Service Rep', 4 );
INSERT INTO EMPLOYEE (id,first_name,last_name,active,start_date,title,department_id) VALUES ( 166, 'Christine', 'Henderson', false, '2010-05-26', 'Business Analyst', 5 );
INSERT INTO EMPLOYEE (id,first_name,last_name,active,start_date,title,department_id) VALUES ( 167, 'Adrianne', 'Weir', true, '2012-08-06', 'Software Developer', 1 );
INSERT INTO EMPLOYEE (id,first_name,last_name,active,start_date,title,department_id) VALUES ( 168, 'Tina', 'Thomas', true, '2008-07-27', 'Software Developer', 1 );
INSERT INTO EMPLOYEE (id,first_name,last_name,active,start_date,title,department_id) VALUES ( 169, 'Steven', 'Grossman', false, '2010-07-07', 'Business Analyst', 5 );
INSERT INTO EMPLOYEE (id,first_name,last_name,active,start_date,title,department_id) VALUES ( 170, 'Larry', 'Broderick', true, '2002-09-28', 'Software Developer', 1 );
INSERT INTO EMPLOYEE (id,first_name,last_name,active,start_date,title,department_id) VALUES ( 171, 'Mary', 'Henderson', true, '2001-09-10', 'Software Developer', 1 );
INSERT INTO EMPLOYEE (id,first_name,last_name,active,start_date,title,department_id) VALUES ( 172, 'Tom', 'Silva', true, '2006-07-18', 'Accounts Receivable', 2 );
INSERT INTO EMPLOYEE (id,first_name,last_name,active,start_date,title,department_id) VALUES ( 173, 'Bill', 'Kent', false, '2008-01-30', 'Business Analyst', 5 );
INSERT INTO EMPLOYEE (id,first_name,last_name,active,start_date,title,department_id) VALUES ( 174, 'Larry', 'Gold', false, '2003-12-27', 'Accounts Receivable', 2 );
INSERT INTO EMPLOYEE (id,first_name,last_name,active,start_date,title,department_id) VALUES ( 175, 'Jill', 'Johnson', false, '2005-01-12', 'Accounts Receivable', 2 );
INSERT INTO EMPLOYEE (id,first_name,last_name,active,start_date,title,department_id) VALUES ( 176, 'John', 'Richards', true, '2000-05-18', 'Business Analyst', 5 );
INSERT INTO EMPLOYEE (id,first_name,last_name,active,start_date,title,department_id) VALUES ( 177, 'Tom', 'Johnson', false, '2003-02-24', 'Software Developer', 1 );
INSERT INTO EMPLOYEE (id,first_name,last_name,active,start_date,title,department_id) VALUES ( 178, 'Jeremy', 'Laware', true, '2009-01-16', 'Software Developer', 1 );
INSERT INTO EMPLOYEE (id,first_name,last_name,active,start_date,title,department_id) VALUES ( 179, 'Mary', 'McKenzie', true, '2006-04-24', 'Business Analyst', 5 );
INSERT INTO EMPLOYEE (id,first_name,last_name,active,start_date,title,department_id) VALUES ( 180, 'Christine', 'Smith', true, '2008-05-15', 'Benefits Coordinator', 3 );
INSERT INTO EMPLOYEE (id,first_name,last_name,active,start_date,title,department_id) VALUES ( 181, 'Karen', 'McKenzie', true, '2006-01-16', 'Business Analyst', 5 );
INSERT INTO EMPLOYEE (id,first_name,last_name,active,start_date,title,department_id) VALUES ( 182, 'Chris', 'Johnson', false, '2006-08-18', 'Benefits Coordinator', 3 );
INSERT INTO EMPLOYEE (id,first_name,last_name,active,start_date,title,department_id) VALUES ( 183, 'Bill', 'Richards', true, '2015-04-08', 'Customer Service Rep', 4 );
INSERT INTO EMPLOYEE (id,first_name,last_name,active,start_date,title,department_id) VALUES ( 184, 'Jill', 'McKenzie', true, '2004-12-28', 'Business Analyst', 5 );
INSERT INTO EMPLOYEE (id,first_name,last_name,active,start_date,title,department_id) VALUES ( 185, 'Jack', 'Alchin', true, '2004-09-10', 'Software Developer', 1 );
INSERT INTO EMPLOYEE (id,first_name,last_name,active,start_date,title,department_id) VALUES ( 186, 'Bill', 'Richards', true, '2013-12-20', 'Accounts Receivable', 2 );
INSERT INTO EMPLOYEE (id,first_name,last_name,active,start_date,title,department_id) VALUES ( 187, 'Steven', 'Alchin', true, '2012-10-05', 'Software Developer', 1 );
INSERT INTO EMPLOYEE (id,first_name,last_name,active,start_date,title,department_id) VALUES ( 188, 'Jeremy', 'Weir', true, '2012-03-17', 'Benefits Coordinator', 3 );
INSERT INTO EMPLOYEE (id,first_name,last_name,active,start_date,title,department_id) VALUES ( 189, 'Rob', 'Silva', true, '2011-02-02', 'Benefits Coordinator', 3 );
INSERT INTO EMPLOYEE (id,first_name,last_name,active,start_date,title,department_id) VALUES ( 190, 'John', 'Pfeiffer', true, '2006-03-25', 'Business Analyst', 5 );
INSERT INTO EMPLOYEE (id,first_name,last_name,active,start_date,title,department_id) VALUES ( 191, 'Jack', 'Barris', true, '2002-10-28', 'Business Analyst', 5 );
INSERT INTO EMPLOYEE (id,first_name,last_name,active,start_date,title,department_id) VALUES ( 192, 'Chris', 'Henderson', true, '2003-03-16', 'Benefits Coordinator', 3 );
INSERT INTO EMPLOYEE (id,first_name,last_name,active,start_date,title,department_id) VALUES ( 193, 'Tom', 'Barris', false, '2012-03-27', 'Customer Service Rep', 4 );
INSERT INTO EMPLOYEE (id,first_name,last_name,active,start_date,title,department_id) VALUES ( 194, 'Ken', 'Alchin', true, '2009-05-07', 'Benefits Coordinator', 3 );
INSERT INTO EMPLOYEE (id,first_name,last_name,active,start_date,title,department_id) VALUES ( 195, 'Lynn', 'McKenzie', true, '2008-01-11', 'Software Developer', 1 );
INSERT INTO EMPLOYEE (id,first_name,last_name,active,start_date,title,department_id) VALUES ( 196, 'Lynn', 'Grossman', true, '2008-10-19', 'Benefits Coordinator', 3 );
INSERT INTO EMPLOYEE (id,first_name,last_name,active,start_date,title,department_id) VALUES ( 197, 'Brian', 'Barris', true, '2010-08-27', 'Accounts Receivable', 2 );
INSERT INTO EMPLOYEE (id,first_name,last_name,active,start_date,title,department_id) VALUES ( 198, 'Ken', 'Weir', false, '2014-03-03', 'Software Developer', 1 );
INSERT INTO EMPLOYEE (id,first_name,last_name,active,start_date,title,department_id) VALUES ( 199, 'Jeremy', 'Kent', true, '2014-12-07', 'Business Analyst', 5 );
INSERT INTO EMPLOYEE (id,first_name,last_name,active,start_date,title,department_id) VALUES ( 200, 'Christine', 'McKenzie', false, '2006-01-15', 'Business Analyst', 5 );
INSERT INTO EMPLOYEE (id,first_name,last_name,active,start_date,title,department_id) VALUES ( 201, 'Brian', 'Barris', true, '1998-09-28', 'Accounts Receivable', 2 );
INSERT INTO EMPLOYEE (id,first_name,last_name,active,start_date,title,department_id) VALUES ( 202, 'Brian', 'Pfeiffer', true, '2012-11-17', 'Benefits Coordinator', 3 );
INSERT INTO EMPLOYEE (id,first_name,last_name,active,start_date,title,department_id) VALUES ( 203, 'Deanna', 'Smith', true, '2002-07-06', 'Business Analyst', 5 );
INSERT INTO EMPLOYEE (id,first_name,last_name,active,start_date,title,department_id) VALUES ( 204, 'Ken', 'Johnson', true, '2001-08-16', 'Software Developer', 1 );
INSERT INTO EMPLOYEE (id,first_name,last_name,active,start_date,title,department_id) VALUES ( 205, 'Liam', 'Barris', true, '2010-07-09', 'Benefits Coordinator', 3 );
INSERT INTO EMPLOYEE (id,first_name,last_name,active,start_date,title,department_id) VALUES ( 206, 'Christine', 'Pfeiffer', true, '2013-03-30', 'Benefits Coordinator', 3 );
INSERT INTO EMPLOYEE (id,first_name,last_name,active,start_date,title,department_id) VALUES ( 207, 'Jeremy', 'Alchin', true, '1998-09-03', 'Accounts Receivable', 2 );
INSERT INTO EMPLOYEE (id,first_name,last_name,active,start_date,title,department_id) VALUES ( 208, 'Mary', 'Thomas', true, '2013-04-14', 'Customer Service Rep', 4 );
INSERT INTO EMPLOYEE (id,first_name,last_name,active,start_date,title,department_id) VALUES ( 209, 'Bill', 'Barris', true, '2009-08-08', 'Customer Service Rep', 4 );
INSERT INTO EMPLOYEE (id,first_name,last_name,active,start_date,title,department_id) VALUES ( 210, 'Deanna', 'Weir', true, '2001-02-17', 'Benefits Coordinator', 3 );
INSERT INTO EMPLOYEE (id,first_name,last_name,active,start_date,title,department_id) VALUES ( 211, 'Bill', 'Heller', true, '2001-06-02', 'Accounts Receivable', 2 );
INSERT INTO EMPLOYEE (id,first_name,last_name,active,start_date,title,department_id) VALUES ( 212, 'Karen', 'Thomas', false, '1999-03-30', 'Benefits Coordinator', 3 );
INSERT INTO EMPLOYEE (id,first_name,last_name,active,start_date,title,department_id) VALUES ( 213, 'Bill', 'Weir', false, '1998-05-24', 'Benefits Coordinator', 3 );
INSERT INTO EMPLOYEE (id,first_name,last_name,active,start_date,title,department_id) VALUES ( 214, 'Adrianne', 'Thomas', true, '2002-04-16', 'Benefits Coordinator', 3 );
INSERT INTO EMPLOYEE (id,first_name,last_name,active,start_date,title,department_id) VALUES ( 215, 'Brian', 'Alchin', true, '2007-03-05', 'Business Analyst', 5 );
INSERT INTO EMPLOYEE (id,first_name,last_name,active,start_date,title,department_id) VALUES ( 216, 'Mary', 'Grossman', true, '1998-04-18', 'Business Analyst', 5 );
INSERT INTO EMPLOYEE (id,first_name,last_name,active,start_date,title,department_id) VALUES ( 217, 'Ken', 'Silva', false, '2004-11-06', 'Customer Service Rep', 4 );
INSERT INTO EMPLOYEE (id,first_name,last_name,active,start_date,title,department_id) VALUES ( 218, 'Jeremy', 'Pfeiffer', false, '2014-06-10', 'Software Developer', 1 );
INSERT INTO EMPLOYEE (id,first_name,last_name,active,start_date,title,department_id) VALUES ( 219, 'Adrianne', 'Naylor', true, '2007-05-15', 'Accounts Receivable', 2 );
INSERT INTO EMPLOYEE (id,first_name,last_name,active,start_date,title,department_id) VALUES ( 220, 'Ken', 'Smith', true, '2006-03-30', 'Business Analyst', 5 );
INSERT INTO EMPLOYEE (id,first_name,last_name,active,start_date,title,department_id) VALUES ( 221, 'John', 'Silva', true, '2003-05-10', 'Benefits Coordinator', 3 );
INSERT INTO EMPLOYEE (id,first_name,last_name,active,start_date,title,department_id) VALUES ( 222, 'Liam', 'Broderick', true, '2013-01-12', 'Benefits Coordinator', 3 );
INSERT INTO EMPLOYEE (id,first_name,last_name,active,start_date,title,department_id) VALUES ( 223, 'Lynn', 'Pfeiffer', true, '2009-04-19', 'Customer Service Rep', 4 );
INSERT INTO EMPLOYEE (id,first_name,last_name,active,start_date,title,department_id) VALUES ( 224, 'Steven', 'Thomas', true, '1998-08-28', 'Business Analyst', 5 );
INSERT INTO EMPLOYEE (id,first_name,last_name,active,start_date,title,department_id) VALUES ( 225, 'Jill', 'Smith', true, '2001-06-25', 'Accounts Receivable', 2 );
INSERT INTO EMPLOYEE (id,first_name,last_name,active,start_date,title,department_id) VALUES ( 226, 'Tina', 'Richards', true, '2007-04-28', 'Accounts Receivable', 2 );
INSERT INTO EMPLOYEE (id,first_name,last_name,active,start_date,title,department_id) VALUES ( 227, 'Adrianne', 'Gold', false, '2012-10-19', 'Customer Service Rep', 4 );
INSERT INTO EMPLOYEE (id,first_name,last_name,active,start_date,title,department_id) VALUES ( 228, 'Adrianne', 'Heller', true, '2008-03-26', 'Customer Service Rep', 4 );
INSERT INTO EMPLOYEE (id,first_name,last_name,active,start_date,title,department_id) VALUES ( 229, 'Tom', 'Laware', true, '2000-09-21', 'Customer Service Rep', 4 );
INSERT INTO EMPLOYEE (id,first_name,last_name,active,start_date,title,department_id) VALUES ( 230, 'Chris', 'Barris', true, '2013-08-14', 'Benefits Coordinator', 3 );
INSERT INTO EMPLOYEE (id,first_name,last_name,active,start_date,title,department_id) VALUES ( 231, 'Liam', 'Silva', false, '2003-05-14', 'Business Analyst', 5 );
INSERT INTO EMPLOYEE (id,first_name,last_name,active,start_date,title,department_id) VALUES ( 232, 'Jill', 'Broderick', true, '2009-03-09', 'Software Developer', 1 );
INSERT INTO EMPLOYEE (id,first_name,last_name,active,start_date,title,department_id) VALUES ( 233, 'Tina', 'Henderson', true, '2004-06-20', 'Accounts Receivable', 2 );
INSERT INTO EMPLOYEE (id,first_name,last_name,active,start_date,title,department_id) VALUES ( 234, 'Jack', 'Alchin', true, '2005-10-13', 'Benefits Coordinator', 3 );
INSERT INTO EMPLOYEE (id,first_name,last_name,active,start_date,title,department_id) VALUES ( 235, 'Mary', 'Silva', true, '1998-08-17', 'Business Analyst', 5 );
INSERT INTO EMPLOYEE (id,first_name,last_name,active,start_date,title,department_id) VALUES ( 236, 'Jill', 'Alchin', false, '2008-06-15', 'Software Developer', 1 );
INSERT INTO EMPLOYEE (id,first_name,last_name,active,start_date,title,department_id) VALUES ( 237, 'Jill', 'Barris', false, '1998-10-19', 'Benefits Coordinator', 3 );
INSERT INTO EMPLOYEE (id,first_name,last_name,active,start_date,title,department_id) VALUES ( 238, 'Jill', 'Heller', false, '1998-05-24', 'Benefits Coordinator', 3 );
INSERT INTO EMPLOYEE (id,first_name,last_name,active,start_date,title,department_id) VALUES ( 239, 'Chris', 'McKenzie', true, '2014-05-26', 'Accounts Receivable', 2 );
INSERT INTO EMPLOYEE (id,first_name,last_name,active,start_date,title,department_id) VALUES ( 240, 'Deanna', 'Silva', true, '2001-09-23', 'Customer Service Rep', 4 );
INSERT INTO EMPLOYEE (id,first_name,last_name,active,start_date,title,department_id) VALUES ( 241, 'Jill', 'Kent', true, '2013-11-16', 'Business Analyst', 5 );
INSERT INTO EMPLOYEE (id,first_name,last_name,active,start_date,title,department_id) VALUES ( 242, 'Jill', 'Grossman', false, '1998-02-19', 'Benefits Coordinator', 3 );
INSERT INTO EMPLOYEE (id,first_name,last_name,active,start_date,title,department_id) VALUES ( 243, 'Jeremy', 'Gold', true, '2012-09-08', 'Software Developer', 1 );
INSERT INTO EMPLOYEE (id,first_name,last_name,active,start_date,title,department_id) VALUES ( 244, 'Tina', 'Grossman', true, '2013-06-11', 'Accounts Receivable', 2 );
INSERT INTO EMPLOYEE (id,first_name,last_name,active,start_date,title,department_id) VALUES ( 245, 'Bill', 'Thomas', true, '2012-01-04', 'Benefits Coordinator', 3 );
INSERT INTO EMPLOYEE (id,first_name,last_name,active,start_date,title,department_id) VALUES ( 246, 'Bill', 'Weir', true, '2012-05-06', 'Software Developer', 1 );
INSERT INTO EMPLOYEE (id,first_name,last_name,active,start_date,title,department_id) VALUES ( 247, 'Jack', 'Pfeiffer', false, '2002-05-16', 'Benefits Coordinator', 3 );
INSERT INTO EMPLOYEE (id,first_name,last_name,active,start_date,title,department_id) VALUES ( 248, 'Tom', 'Richards', true, '2007-05-07', 'Software Developer', 1 );
INSERT INTO EMPLOYEE (id,first_name,last_name,active,start_date,title,department_id) VALUES ( 249, 'Tom', 'Kent', true, '2008-08-26', 'Accounts Receivable', 2 );
INSERT INTO EMPLOYEE (id,first_name,last_name,active,start_date,title,department_id) VALUES ( 250, 'Steven', 'Heller', true, '2014-09-28', 'Software Developer', 1 );

